{
  "assessments": [
    {
      "id": 1,
      "courseId": 3,
      "title": "Homework 1",
      "type": "Homework",
      "dueDate": "2024-09-15T23:59:00",
      "effortHours": 3,
      "weight": 5,
      "createdBy": 1,
      "createdAt": "2024-08-30T10:00:00"
    },
    {
      "courseId": 1,
      "title": "Project Phase 1",
      "type": "Homework",
      "dueDate": "2024-11-01T08:59",
      "effortHours": 15,
      "weight": 50,
      "createdBy": 1,
      "id": 3,
      "createdAt": "2024-08-30T10:10:00",
      "updatedAt": "2025-04-21T14:38:07.364Z"
    },
    {
      "id": 4,
      "courseId": 1,
      "title": "do DSA",
      "type": "Homework",
      "dueDate": "2025-11-11T23:11",
      "effortHours": 12,
      "weight": 1.5,
      "createdBy": 1,
      "createdAt": "2025-04-21T12:58:45.671Z"
    },
    {
      "id": 5,
      "courseId": 2,
      "title": "ds",
      "type": "Final exam",
      "dueDate": "2025-11-11T11:11",
      "effortHours": 12,
      "weight": 100,
      "createdBy": 1,
      "createdAt": "2025-04-21T14:34:57.381Z"
    }
  ]
}