{
  "comments": [
    {
      "id": 1,
      "courseId": 1,
      "title": "Heavy workload concern",
      "body": "The project seems to require more effort hours than allocated. Could we extend the deadline?",
      "createdBy": 3,
      "createdAt": "2024-09-05T14:30:00"
    },
    {
      "id": 2,
      "courseId": 1,
      "title": "Response to workload concern",
      "body": "I understand your concern. I've reduced the scope of the project and will extend the deadline by 3 days.",
      "createdBy": 1,
      "createdAt": "2024-09-06T09:15:00"
    },
    {
      "id": 3,
      "courseId": 1,
      "title": "heavey",
      "body": "this is shit course",
      "createdBy": 3,
      "createdAt": "2025-04-21T12:57:08.991Z"
    },
    {
      "id": 4,
      "courseId": 1,
      "title": "alot",
      "body": "alot",
      "createdBy": 3,
      "createdAt": "2025-04-21T13:24:23.125Z"
    },
    {
      "id": 5,
      "courseId": 1,
      "title": "hello",
      "body": "hi",
      "createdBy": 3,
      "createdAt": "2025-04-21T14:18:24.244Z"
    },
    {
      "id": 6,
      "courseId": 1,
      "title": "sds",
      "body": "s",
      "createdBy": 3,
      "createdAt": "2025-04-21T14:52:47.363Z"
    }
  ]
}