{
  "courses": [
    {
      "id": 1,
      "code": "CS101",
      "title": "Introduction to Programming",
      "program": "CS",
      "semester": "Fall 2024",
      "instructorId": 1
    },
    {
      "id": 2,
      "code": "CS201",
      "title": "Data Structures",
      "program": "CS",
      "semester": "Fall 2024",
      "instructorId": 1
    },
    {
      "id": 3,
      "code": "IT150",
      "title": "Web Development Basics",
      "program": "IT",
      "semester": "Fall 2024",
      "instructorId": 4
    }
  ]
}
